id,first_name,last_name,email,gender,contact,country,DOB
1,Cori,Jeannenet,cjeannenet0@hostgator.com,Female,915-196-5530,China,3/27/2023
2,Mufinella,Liddell,mliddell1@odnoklassniki.ru,Female,400-766-4710,Brazil,4/30/2023
3,Pepillo,Katzmann,pkatzmann2@hp.com,Genderfluid,656-864-5845,Peru,7/15/2023
4,Hobard,Eathorne,heathorne3@answers.com,Male,335-894-9820,Poland,9/9/2023
5,Read,Gaywood,rgaywood4@vistaprint.com,Male,467-395-2859,China,2/12/2024
6,Virgilio,McClaren,vmcclaren5@1und1.de,Male,580-134-6033,Thailand,1/20/2024
7,Lane,Kochs,lkochs6@chicagotribune.com,Male,217-220-0764,China,3/5/2024
8,Marylee,Scandwright,mscandwright7@cbslocal.com,Female,410-364-8969,Mexico,2/5/2024
9,Giacobo,Beddoes,gbeddoes8@list-manage.com,Male,807-736-5986,Indonesia,12/18/2023
10,Aleksandr,Carrell,acarrell9@chron.com,Male,651-501-8221,Bulgaria,5/8/2023
11,Codi,Donovan,cdonovana@eventbrite.com,Male,706-615-1650,Russia,11/19/2023
12,Diane-marie,Frantsev,dfrantsevb@un.org,Female,561-986-3110,Peru,5/25/2023
13,Germain,Coolahan,gcoolahanc@princeton.edu,Male,214-528-1817,Brazil,8/5/2023
14,Elicia,Zanetti,ezanettid@unicef.org,Female,914-541-6634,Finland,12/25/2023
15,Andres,Sails,asailse@hp.com,Male,712-242-0462,China,5/27/2023
16,Marillin,Tether,mtetherf@yellowpages.com,Female,448-904-5921,Japan,2/20/2024
17,Fabio,Imlach,fimlachg@acquirethisname.com,Male,494-614-8370,Tanzania,5/14/2023
18,Brittne,Eadmead,beadmeadh@gizmodo.com,Female,729-285-3016,China,8/15/2023
19,Cristiano,Richarz,cricharzi@acquirethisname.com,Male,321-749-8563,Indonesia,8/19/2023
20,Alain,Hebblewhite,ahebblewhitej@biblegateway.com,Male,935-626-1068,France,10/27/2023
21,Garrett,Scandrett,gscandrettk@theglobeandmail.com,Male,663-993-5927,Peru,9/28/2023
22,Sidoney,Lerego,sleregol@hao123.com,Female,954-989-1908,Russia,2/10/2024
23,Sella,Miranda,smirandam@utexas.edu,Female,770-957-5002,Indonesia,7/12/2023
24,Alla,Foli,afolin@rediff.com,Female,241-122-5437,Philippines,2/7/2024
25,Reginauld,Wanderschek,rwanderscheko@samsung.com,Male,288-451-0856,Netherlands,1/10/2024
26,Desi,Kos,dkosp@goo.ne.jp,Agender,588-653-6287,Ukraine,10/17/2023
27,Frannie,Eaglestone,feaglestoneq@telegraph.co.uk,Female,860-156-0710,China,9/17/2023
28,Queenie,Grinsdale,qgrinsdaler@bravesites.com,Female,400-132-7210,Brazil,10/3/2023
29,Donnell,Lively,dlivelys@de.vu,Male,247-671-6726,Slovenia,2/12/2024
30,Kenna,Antal,kantalt@twitpic.com,Female,758-577-2616,China,1/30/2024
31,Gorden,Matas,gmatasu@businesswire.com,Male,842-879-4720,China,1/30/2024
32,Michaeline,Grenter,mgrenterv@digg.com,Female,781-774-5078,Syria,11/8/2023
33,Darby,Evershed,devershedw@webmd.com,Male,286-814-5096,Yemen,6/28/2023
34,Anthony,Coning,aconingx@princeton.edu,Polygender,217-949-3974,France,3/5/2024
35,Sonny,Mantle,smantley@github.com,Male,322-142-6363,Indonesia,1/7/2024
36,Mellisa,Jedrzejczak,mjedrzejczakz@blog.com,Female,427-989-4560,China,12/25/2023
37,Eric,Asals,easals10@goo.ne.jp,Male,297-786-1638,China,6/3/2023
38,Happy,Strode,hstrode11@so-net.ne.jp,Female,538-404-9815,South Africa,11/24/2023
39,Adele,Dimitrescu,adimitrescu12@economist.com,Female,409-565-3419,Indonesia,8/23/2023
40,Packston,Renvoys,prenvoys13@parallels.com,Bigender,993-554-1332,Uzbekistan,2/10/2024
41,Kent,Legh,klegh14@rambler.ru,Male,508-670-4248,Mexico,7/27/2023
42,Corine,Slatcher,cslatcher15@ebay.com,Female,519-750-7457,Botswana,3/29/2023
43,Nikolaos,Sture,nsture16@arizona.edu,Male,350-934-3292,China,4/1/2023
44,Jyoti,Scanlin,jscanlin17@vk.com,Female,801-304-5173,Brazil,11/8/2023
45,Bertine,Willers,bwillers18@va.gov,Female,830-525-8729,Russia,12/23/2023
46,Kristopher,Glasby,kglasby19@soup.io,Genderfluid,271-921-1222,Argentina,7/8/2023
47,Rubina,Tuttle,rtuttle1a@pagesperso-orange.fr,Bigender,137-855-5637,Indonesia,12/5/2023
48,Dionis,Wither,dwither1b@cbslocal.com,Female,716-512-9041,Netherlands,6/5/2023
49,Francis,Hendrickson,fhendrickson1c@w3.org,Male,411-273-3149,Indonesia,9/20/2023
50,Lenard,Bondy,lbondy1d@webeden.co.uk,Male,702-948-3964,Bosnia and Herzegovina,9/19/2023
51,Dulce,Baccup,dbaccup1e@sogou.com,Female,493-361-5442,North Korea,1/25/2024
52,Raoul,Retter,rretter1f@google.ru,Male,209-202-2719,United States,6/2/2023
53,Dana,Guerro,dguerro1g@msu.edu,Female,328-181-1434,Portugal,9/22/2023
54,Beitris,Ruseworth,bruseworth1h@hhs.gov,Female,493-492-1622,Bosnia and Herzegovina,5/9/2023
55,Wakefield,Fonquernie,wfonquernie1i@samsung.com,Male,846-529-5046,Sweden,7/2/2023
56,Davie,Branche,dbranche1j@wufoo.com,Polygender,333-583-5452,French Polynesia,7/3/2023
57,Simone,Traske,straske1k@buzzfeed.com,Male,528-485-4245,France,11/22/2023
58,Daveta,Weston,dweston1l@xing.com,Female,579-543-0295,Portugal,11/12/2023
59,Ardisj,Laundon,alaundon1m@com.com,Female,210-109-5601,Indonesia,11/22/2023
60,Garvin,Landers,glanders1n@wp.com,Male,141-529-3412,Portugal,1/5/2024
61,Kimberlee,Britney,kbritney1o@domainmarket.com,Agender,952-664-9471,Indonesia,1/23/2024
62,Debby,Kembrey,dkembrey1p@usnews.com,Female,901-279-1251,United States,3/7/2023
63,Waldemar,Standen,wstanden1q@ameblo.jp,Male,386-599-1299,Indonesia,11/14/2023
64,Brandyn,Benda,bbenda1r@histats.com,Male,776-906-8360,Poland,5/7/2023
65,Lanae,Riddiford,lriddiford1s@163.com,Genderqueer,131-998-2198,Philippines,4/18/2023
66,Meier,Bardsley,mbardsley1t@smugmug.com,Male,151-685-2297,China,12/28/2023
67,Fidole,Broz,fbroz1u@reuters.com,Male,117-154-4870,Portugal,4/11/2023
68,Griffy,Pawlett,gpawlett1v@intel.com,Male,195-941-8419,Poland,4/7/2023
69,Giustino,Leap,gleap1w@usgs.gov,Male,347-165-0720,Philippines,11/29/2023
70,Randie,Leathem,rleathem1x@yahoo.com,Male,457-727-5024,Brazil,10/23/2023
71,Janina,Munday,jmunday1y@oaic.gov.au,Female,240-552-6522,Sweden,5/27/2023
72,Cole,Fright,cfright1z@seattletimes.com,Male,892-543-6821,Indonesia,5/21/2023
73,Janifer,Sheryne,jsheryne20@cocolog-nifty.com,Female,693-351-5170,Russia,5/27/2023
74,Valerie,Frayne,vfrayne21@bbc.co.uk,Polygender,845-826-5504,Canada,3/7/2023
75,Teddi,Dyet,tdyet22@omniture.com,Female,935-136-5761,Yemen,2/29/2024
76,Lockwood,Mossom,lmossom23@latimes.com,Bigender,241-720-9354,Thailand,12/15/2023
77,Khalil,Lillyman,klillyman24@goo.ne.jp,Male,276-639-9877,Brazil,12/4/2023
78,Layla,Carme,lcarme25@yelp.com,Female,407-692-2240,United States,10/23/2023
79,Kinna,Tothacot,ktothacot26@nyu.edu,Non-binary,558-415-5684,Pakistan,8/18/2023
80,Gearalt,Bowring,gbowring27@goo.ne.jp,Male,510-546-7699,Russia,9/16/2023
81,Debi,Gallaccio,dgallaccio28@tinypic.com,Female,931-807-5644,China,4/7/2023
82,Tris,Conyers,tconyers29@etsy.com,Male,884-738-8774,Indonesia,8/5/2023
83,Sydney,Puleston,spuleston2a@spotify.com,Male,212-857-9390,China,1/14/2024
84,Mercie,Smallsman,msmallsman2b@unicef.org,Female,995-149-1854,Russia,8/27/2023
85,Bianka,Shawcroft,bshawcroft2c@illinois.edu,Female,620-455-7390,Ukraine,10/5/2023
86,Clea,Punshon,cpunshon2d@census.gov,Female,983-474-5191,China,2/16/2024
87,Spencer,Jirousek,sjirousek2e@state.gov,Male,466-335-5079,Russia,12/26/2023
88,Hermie,Lewty,hlewty2f@unesco.org,Male,699-234-5256,Malaysia,3/22/2023
89,Rozanne,De Francesco,rdefrancesco2g@elpais.com,Female,958-509-4149,Indonesia,1/16/2024
90,Adam,Linner,alinner2h@berkeley.edu,Male,627-988-3379,Bosnia and Herzegovina,2/11/2024
91,Ulysses,Rubberts,urubberts2i@canalblog.com,Genderfluid,430-713-4815,Philippines,8/4/2023
92,Jenilee,Camps,jcamps2j@github.com,Polygender,341-219-4533,Philippines,6/14/2023
93,Thurstan,Bullan,tbullan2k@biglobe.ne.jp,Male,518-791-0216,Malaysia,4/20/2023
94,Roz,Mulqueen,rmulqueen2l@hao123.com,Female,627-765-3971,Vietnam,7/1/2023
95,Melvin,Boughton,mboughton2m@cbslocal.com,Male,614-671-4141,United States,11/19/2023
96,Petronia,Byk,pbyk2n@ifeng.com,Female,261-925-8678,China,4/30/2023
97,Nadiya,Mullarkey,nmullarkey2o@spiegel.de,Female,276-998-5074,Brazil,7/10/2023
98,Garald,Skittles,gskittles2p@foxnews.com,Male,711-326-6492,Kazakhstan,8/26/2023
99,Birgitta,Canham,bcanham2q@dailymail.co.uk,Female,298-919-5249,Indonesia,3/19/2023
100,Lyman,Sangar,lsangar2r@friendfeed.com,Male,211-120-3494,Portugal,7/26/2023
